14400000,4477700,4501300,4477700,4479900,100,4478800,4531100,4478500,4480700,500
14460000,4479900,4481300,4479300,4479500,2000,4480700,4483900,4479500,4480500,1900
14520000,4479500,4481000,4478700,4480400,400,4480500,4483900,4479700,4481000,400
14580000,4480400,4481800,4480000,4480100,500,4481000,4482700,4480300,4480800,400
14640000,4480100,4482900,4480100,4482900,400,4480800,4483500,4480800,4483300,400
14700000,4482900,4483000,4481000,4481600,400,4483300,4483400,4481400,4482100,400
14760000,4481600,4483600,4481600,4483500,400,4482100,4484200,4481900,4483800,400
14820000,4483500,4485300,4483000,4485000,100,4483800,4486000,4483400,4485300,400
14880000,4485000,4485100,4484000,4484500,500,4485300,4485600,4484500,4484800,1400
14940000,4484500,4484500,4482600,4482600,400,4484800,4484800,4483100,4483100,400
15000000,4482600,4482900,4481700,4482500,400,4483100,4483600,4482100,4483000,400
15060000,4482500,4483800,4482100,4482800,400,4483000,4484500,4482800,4483200,400
15120000,4482800,4483400,4482200,4482200,400,4483200,4483800,4482500,4482500,400
15180000,4482200,4483400,4481500,4483400,400,4482500,4483900,4482100,4483900,1400
15240000,4483400,4484200,4482500,4483900,400,4483900,4484500,4483100,4484400,400
15300000,4483900,4483900,4482600,4483100,400,4484400,4484400,4483100,4483400,500
15360000,4483100,4483700,4482600,4483200,300,4483400,4484100,4483100,4483600,900
15420000,4483200,4483700,4482300,4483200,400,4483600,4484100,4482600,4483500,400
15480000,4483200,4484200,4482800,4484000,400,4483500,4484500,4483300,4484400,1800
15540000,4484000,4485400,4483600,4485300,500,4484400,4485900,4484100,4485800,400
15600000,4485300,4488800,4485300,4488800,400,4485800,4489000,4485800,4489000,1000
15660000,4488800,4489400,4487500,4488300,1500,4489000,4489800,4488000,4488800,800
15720000,4488300,4489900,4488300,4489000,100,4488800,4492000,4488800,4489300,400
15780000,4489000,4489900,4488200,4488500,400,4489300,4490400,4488700,4488900,400
15840000,4488500,4489200,4488400,4488800,400,4488900,4489700,4488800,4489100,400
15900000,4488800,4489800,4488700,4488900,1400,4489100,4490200,4489100,4489400,1700
15960000,4488900,4489000,4487400,4488300,400,4489400,4489400,4488100,4488600,400
16020000,4488300,4488400,4486700,4486700,1400,4488600,4488900,4487200,4487200,1700
16080000,4486700,4487500,4486400,4487300,400,4487200,4487900,4486900,4487700,400
16140000,4487300,4487800,4486400,4486600,900,4487700,4488400,4486900,4487100,400
16200000,4486600,4488000,4485500,4487700,900,4487100,4489100,4485900,4488100,400
16260000,4487700,4487800,4486500,4486800,400,4488100,4488100,4486800,4487100,400
16320000,4486800,4487300,4484400,4484900,400,4487100,4487700,4484900,4485200,500
16380000,4484900,4485200,4484200,4485100,400,4485200,4485700,4484600,4485400,1700
16440000,4485100,4485300,4483200,4483600,900,4485400,4485700,4483700,4484100,1700
16500000,4483600,4483900,4481000,4481000,300,4484100,4484400,4481400,4481400,400
16560000,4481000,4482800,4480700,4482000,900,4481400,4483300,4481100,4482400,400
16620000,4482000,4482500,4481200,4482300,400,4482400,4482900,4481500,4482700,1000
16680000,4482300,4483300,4482200,4482700,1400,4482700,4483600,4482700,4483200,400
16740000,4482700,4483600,4482700,4483400,900,4483200,4484100,4483000,4484000,1800
16800000,4483400,4483800,4482500,4483000,1700,4484000,4484300,4482900,4483300,400
16860000,4483000,4483200,4481700,4482000,400,4483300,4483700,4482200,4482400,400
16920000,4482000,4482300,4480300,4480400,400,4482400,4482700,4480700,4480800,500
16980000,4480400,4481100,4479400,4481100,400,4480800,4481500,4479900,4481400,400
17040000,4481100,4481100,4479300,4479900,400,4481400,4481500,4479700,4480200,1400
17100000,4479900,4481500,4479900,4481000,400,4480200,4482000,4480200,4481400,400
17160000,4481000,4482800,4480900,4482600,400,4481400,4483200,4481200,4482900,400
17220000,4482600,4482600,4481400,4481600,400,4482900,4483200,4481900,4482000,400
17280000,4481600,4481800,4481300,4481500,400,4482000,4482400,4481600,4481900,400
17340000,4481500,4482300,4481500,4482200,500,4481900,4482900,4481900,4482600,400
17400000,4482200,4483800,4481700,4483500,1800,4482600,4484100,4482200,4483900,400
17460000,4483500,4483800,4483100,4483500,900,4483900,4484100,4483400,4483900,400
17520000,4483500,4483500,4482500,4482900,1000,4483900,4484000,4482900,4483400,400
17580000,4482900,4482900,4481100,4481400,400,4483400,4483400,4481500,4481900,400
17640000,4481400,4482000,4480800,4481800,500,4481900,4482500,4481400,4482200,1700
17700000,4481800,4482600,4481600,4482500,1400,4482200,4483000,4481900,4482900,400
17760000,4482500,4484300,4482400,4484100,400,4482900,4484800,4482700,4484500,1300
17820000,4484100,4487500,4484100,4486100,400,4484500,4488000,4484500,4486700,400
17880000,4486100,4486800,4484500,4485200,1500,4486700,4487300,4485000,4485600,400
17940000,4485200,4486000,4484500,4485800,400,4485600,4486500,4485000,4486100,400
18000000,4485800,4486800,4485500,4486800,400,4486100,4487200,4486000,4487100,400
18060000,4486800,4488100,4486800,4488100,400,4487100,4488500,4487100,4488400,400
18120000,4488100,4488600,4487900,4488600,400,4488400,4488700,4488100,4488700,300
18180000,4488600,4488600,4487400,4488100,400,4488700,4488700,4487900,4488500,400
18240000,4488100,4489800,4488100,4489300,400,4488500,4490200,4488500,4489600,400
18300000,4489300,4489800,4488100,4488300,400,4489600,4490300,4488600,4488700,400
18360000,4488300,4491100,4488300,4490800,400,4488700,4491500,4488600,4491100,400
18420000,4490800,4492100,4490800,4491600,400,4491100,4492500,4491100,4491900,400
18480000,4491600,4492800,4491200,4492800,400,4491900,4493300,4491600,4493100,400
18540000,4492800,4492800,4492000,4492800,400,4493100,4493200,4492400,4493200,400
18600000,4492800,4494300,4492800,4493700,1700,4493200,4494700,4493000,4494100,400
18660000,4493700,4494300,4492000,4492000,1700,4494100,4494900,4492500,4492500,2000
18720000,4492000,4493200,4490900,4491200,400,4492500,4493700,4491500,4491600,400
18780000,4491200,4491300,4490300,4490300,400,4491600,4491700,4490600,4490600,400
18840000,4490300,4490300,4489300,4489800,1400,4490600,4490800,4489700,4490200,400
18900000,4489800,4491000,4489500,4490400,400,4490200,4491300,4489900,4490800,1400
18960000,4490400,4490600,4489700,4490000,400,4490800,4491000,4490200,4490500,400
19020000,4490000,4491100,4489500,4490900,400,4490500,4491400,4490000,4491200,400
19080000,4490900,4491600,4490300,4491600,400,4491200,4492100,4490800,4491900,400
19140000,4491600,4492900,4490700,4492800,400,4491900,4493300,4491000,4493200,400
19200000,4492800,4492900,4490600,4490900,1400,4493200,4493400,4491000,4491200,400
19260000,4490900,4492300,4490700,4492200,400,4491200,4492800,4491000,4492600,1400
19320000,4492200,4492800,4491700,4491900,400,4492600,4493000,4492000,4492200,400
19380000,4491900,4492000,4490500,4491200,400,4492200,4492500,4490800,4491500,400
19440000,4491200,4491500,4490500,4491100,400,4491500,4491800,4490900,4491500,1400
19500000,4491100,4491800,4490700,4491500,400,4491500,4492300,4491000,4492000,400
19560000,4491500,4492700,4491500,4492100,400,4492000,4493200,4491900,4492500,500
19620000,4492100,4492200,4490200,4490600,400,4492500,4492600,4490300,4491100,400
19680000,4490600,4491200,4490200,4491200,500,4491100,4491700,4490700,4491500,400
19740000,4491200,4491800,4490700,4491200,400,4491500,4492200,4491200,4491600,400
19800000,4491200,4491800,4490200,4490500,400,4491600,4492300,4490600,4490900,400
19860000,4490500,4491100,4490400,4491100,400,4490900,4491500,4490700,4491400,400
19920000,4491100,4492500,4490700,4491600,400,4491400,4493000,4491200,4491900,400
19980000,4491600,4492100,4491000,4491300,400,4491900,4492500,4491500,4491600,400
20040000,4491300,4491300,4490500,4491100,400,4491600,4492000,4491000,4491600,400
20100000,4491100,4491500,4490000,4490600,400,4491600,4491900,4490400,4491000,1400
20160000,4490600,4490800,4490000,4490600,400,4491000,4491200,4490400,4490900,400
20220000,4490600,4490700,4489500,4490700,400,4490900,4491200,4490000,4491200,1400
20280000,4490700,4491700,4490700,4490900,500,4491200,4492200,4491100,4491400,400
20340000,4490900,4491500,4490500,4491300,400,4491400,4492000,4491000,4491900,400
20400000,4491300,4492000,4491000,4491100,1400,4491900,4492500,4491500,4491600,400
20460000,4491100,4491800,4491000,4491600,400,4491600,4492300,4491400,4492000,500
20520000,4491600,4492000,4490900,4491800,400,4492000,4492500,4491400,4492200,500
20580000,4491800,4493700,4491800,4493600,400,4492200,4493800,4492100,4493800,100
20640000,4493600,4494000,4492700,4493200,500,4493800,4494200,4493200,4493500,400
20700000,4493200,4493500,4491900,4492500,100,4493500,4493800,4492400,4492600,400
20760000,4492500,4493200,4491500,4493200,400,4492600,4493700,4492000,4493600,400
20820000,4493200,4493700,4491700,4493000,600,4493600,4494200,4492200,4493500,1400
20880000,4493000,4493400,4491900,4491900,400,4493500,4493700,4492200,4492200,400
20940000,4491900,4492900,4491500,4492500,900,4492200,4493300,4492000,4492800,200
21000000,4492500,4492800,4491900,4492000,400,4492800,4493000,4492400,4492400,400
21060000,4492000,4492500,4491600,4492000,400,4492400,4493000,4492000,4492500,500
21120000,4492000,4492000,4491500,4491900,400,4492500,4492500,4491800,4492200,400
21180000,4491900,4493400,4491600,4493000,400,4492200,4493900,4492200,4493300,400
21240000,4493000,4493500,4492700,4493400,400,4493300,4494100,4493000,4494000,500
21300000,4493400,4493800,4493100,4493600,400,4494000,4494300,4493500,4494100,500
21360000,4493600,4493700,4492600,4493100,100,4494100,4494100,4493100,4493500,400
21420000,4493100,4493800,4492900,4493800,600,4493500,4494200,4493300,4494200,400
21480000,4493800,4493900,4493300,4493500,100,4494200,4494200,4493700,4493800,1400
21540000,4493500,4493900,4493100,4493500,400,4493800,4494100,4493500,4494000,400
21600000,4493500,4493900,4493300,4493900,100,4494000,4494000,4493400,4494000,300
21660000,4493900,4494900,4493900,4494900,100,4494000,4495000,4494000,4495000,400
21720000,4494900,4495800,4494600,4495500,100,4495000,4496300,4494900,4495800,400
21780000,4495500,4496600,4495400,4496500,100,4495800,4497000,4495800,4497000,500
21840000,4496500,4497400,4496500,4497300,600,4497000,4497500,4496800,4497500,100
21900000,4497300,4498000,4496700,4497300,400,4497500,4498400,4497300,4497600,400
21960000,4497300,4498000,4496800,4497600,400,4497600,4498300,4497200,4498000,500
22020000,4497600,4497600,4496100,4496700,400,4498000,4498100,4496600,4497200,300
22080000,4496700,4496800,4495800,4496200,100,4497200,4497300,4496000,4496700,400
22140000,4496200,4496500,4495700,4496200,400,4496700,4496900,4496000,4496600,400
22200000,4496200,4496200,4495500,4495700,400,4496600,4496700,4495800,4496100,1400
22260000,4495700,4496100,4494900,4495200,500,4496100,4496600,4495200,4495400,1000
22320000,4495200,4495500,4494900,4495000,500,4495400,4495900,4495300,4495400,400
22380000,4495000,4495500,4494500,4495400,400,4495400,4495900,4494900,4495600,1400
22440000,4495400,4495600,4495300,4495400,1900,4495600,4496100,4495600,4495800,400
22500000,4495400,4496600,4495200,4496500,400,4495800,4496900,4495500,4496800,400
22560000,4496500,4496500,4495600,4496000,400,4496800,4496800,4496100,4496300,400
22620000,4496000,4496000,4494800,4495500,400,4496300,4496300,4495100,4495900,1400
22680000,4495500,4496400,4495500,4496300,400,4495900,4496700,4495800,4496600,500
22740000,4496300,4496400,4495900,4496100,400,4496600,4496900,4496300,4496500,900
22800000,4496100,4496200,4495500,4495700,500,4496500,4496500,4495900,4496300,1800
22860000,4495700,4496200,4495100,4495100,1600,4496300,4496300,4495600,4495600,400
22920000,4495100,4495200,4493200,4493700,400,4495600,4495600,4493700,4494000,1400
22980000,4493700,4493800,4492500,4493800,400,4494000,4494200,4492900,4494200,1400
23040000,4493800,4493800,4493000,4493000,1400,4494200,4494300,4493500,4493500,1700
23100000,4493000,4494300,4492800,4493800,400,4493500,4494800,4493200,4494200,400
23160000,4493800,4494500,4493800,4494400,400,4494200,4494900,4494200,4494700,400
23220000,4494400,4494400,4493400,4493600,400,4494700,4494700,4493800,4494000,400
23280000,4493600,4493900,4493500,4493800,400,4494000,4494200,4493800,4494200,1800
23340000,4493800,4494600,4493600,4494300,400,4494200,4495200,4493900,4494600,300
23400000,4494300,4494300,4493000,4493500,400,4494600,4494600,4493500,4493900,400
23460000,4493500,4494500,4493300,4494500,400,4493900,4494800,4493700,4494800,300
23520000,4494500,4496600,4494500,4495600,400,4494800,4496900,4494800,4496000,400
23580000,4495600,4495900,4494800,4494900,400,4496000,4496400,4495300,4495300,400
23640000,4494900,4495400,4494300,4494400,400,4495300,4495800,4494800,4494900,400
23700000,4494400,4494900,4493800,4494900,100,4494900,4495400,4494300,4495100,400
23760000,4494900,4494900,4493100,4493500,300,4495100,4495100,4493600,4493800,400
23820000,4493500,4494200,4493200,4493900,400,4493800,4494600,4493600,4494400,500
23880000,4493900,4494600,4493900,4494500,400,4494400,4495000,4494300,4494900,400
23940000,4494500,4494600,4493600,4493800,500,4494900,4494900,4494000,4494100,400
24000000,4493800,4494400,4493400,4494200,400,4494100,4494900,4493800,4494500,400
24060000,4494200,4495100,4494100,4494200,400,4494500,4495400,4494500,4494800,400
24120000,4494200,4494600,4494100,4494300,1700,4494800,4494900,4494500,4494700,400
24180000,4494300,4494800,4493800,4494400,400,4494700,4495100,4494300,4494700,400
24240000,4494400,4494900,4494200,4494900,400,4494700,4495400,4494500,4495200,400
24300000,4494900,4495100,4493800,4494000,500,4495200,4495300,4494300,4494500,400
24360000,4494000,4494600,4493900,4494400,400,4494500,4495100,4494300,4494800,400
24420000,4494400,4495400,4494400,4494800,300,4494800,4495900,4494800,4495000,400
24480000,4494800,4494900,4494100,4494600,400,4495000,4495400,4494600,4494800,300
24540000,4494600,4495100,4494600,4494700,300,4494800,4495600,4494800,4495100,400
24600000,4494700,4495100,4494600,4494900,400,4495100,4495600,4494800,4495300,400
24660000,4494900,4495300,4494600,4494800,400,4495300,4495900,4495000,4495100,500
24720000,4494800,4494800,4494000,4494000,100,4495100,4495100,4494100,4494300,400
24780000,4494000,4494000,4492300,4492300,1900,4494300,4494300,4492800,4492800,400
24840000,4492300,4492700,4491800,4491900,400,4492800,4493000,4492300,4492300,400
24900000,4491900,4493100,4491900,4493100,300,4492300,4493400,4492300,4493400,1400
24960000,4493100,4493100,4491800,4492100,500,4493400,4493600,4492300,4492600,1800
25020000,4492100,4492200,4491600,4492000,400,4492600,4492600,4492100,4492500,400
25080000,4492000,4493000,4491500,4493000,400,4492500,4493500,4492100,4493500,400
25140000,4493000,4493300,4492900,4493100,500,4493500,4494400,4493200,4494100,500
25200000,4493100,4494900,4492500,4494700,600,4494100,4495500,4493700,4495300,400
25260000,4494700,4497200,4494700,4497000,400,4495300,4497400,4495000,4497400,300
25320000,4497000,4499200,4496700,4497500,700,4497400,4499800,4497100,4497900,400
25380000,4497500,4497700,4494500,4496200,500,4497900,4498000,4494800,4496600,400
25440000,4496200,4496300,4494400,4494700,900,4496600,4496600,4494800,4495200,1800
25500000,4494700,4494800,4492400,4492700,400,4495200,4495200,4492900,4493100,900
25560000,4492700,4493300,4491700,4493200,500,4493100,4493700,4492400,4493600,400
25620000,4493200,4493300,4492000,4492600,400,4493600,4493700,4492400,4492900,1700
25680000,4492600,4493100,4491300,4492800,700,4492900,4493400,4491700,4493100,400
25740000,4492800,4493300,4492400,4492400,300,4493100,4493600,4492500,4492600,1400
25800000,4492400,4493200,4491600,4492200,100,4492600,4493400,4492100,4492700,600
25860000,4492200,4494500,4492100,4494200,400,4492700,4494900,4492700,4494600,400
25920000,4494200,4494500,4493100,4493500,700,4494600,4494800,4493600,4493900,1400
25980000,4493500,4494100,4493100,4493900,400,4493900,4494600,4493600,4494200,400
26040000,4493900,4494600,4493600,4493900,400,4494200,4494900,4493900,4494100,900
26100000,4493900,4495200,4493800,4494900,400,4494100,4495600,4494100,4495300,700
26160000,4494900,4495100,4494500,4494700,400,4495300,4495400,4494900,4495000,600
26220000,4494700,4496100,4494700,4495500,400,4495000,4496300,4495000,4495900,700
26280000,4495500,4495800,4494400,4494600,700,4495900,4496100,4494700,4495000,900
26340000,4494600,4495400,4494200,4495100,400,4495000,4495700,4494600,4495400,400
26400000,4495100,4496100,4495000,4495800,400,4495400,4496300,4495200,4496300,600
26460000,4495800,4496200,4494000,4494100,700,4496300,4496300,4494500,4494500,500
26520000,4494100,4494100,4492500,4492500,1500,4494500,4494500,4493000,4493000,1600
26580000,4492500,4492900,4491300,4491500,400,4493000,4493200,4491700,4491900,700
26640000,4491500,4491900,4491000,4491500,700,4491900,4492200,4491300,4492000,1800
26700000,4491500,4492100,4490000,4490600,400,4492000,4492400,4490200,4490900,900
26760000,4490600,4491400,4490200,4490200,300,4490900,4491900,4490600,4490600,1400
26820000,4490200,4490700,4489500,4489800,400,4490600,4491100,4489900,4490300,1400
26880000,4489800,4491100,4489700,4490900,500,4490300,4491600,4490000,4491400,400
26940000,4490900,4491500,4490500,4491500,400,4491400,4492000,4490900,4491800,400
27000000,4491500,4492600,4491300,4492400,1400,4491800,4493100,4491600,4493100,1400
27060000,4492400,4493000,4492200,4493000,500,4493100,4493500,4492800,4493500,1400
27120000,4493000,4495700,4492900,4495700,800,4493500,4496200,4493400,4496200,1400
27180000,4495700,4495700,4494000,4494200,1400,4496200,4496200,4494500,4494900,1900
27240000,4494200,4495000,4492000,4492800,1000,4494900,4495300,4493200,4493500,1400
27300000,4492800,4492800,4491100,4491400,1000,4493500,4493500,4491700,4491900,1400
27360000,4491400,4493600,4491400,4493600,1100,4491900,4494100,4491900,4494100,1400
27420000,4493600,4494100,4493400,4493800,1000,4494100,4494600,4493900,4494400,1400
27480000,4493800,4495000,4493800,4495000,1000,4494400,4495300,4494400,4495300,100
27540000,4495000,4495200,4493600,4493600,100,4495300,4495900,4493800,4494100,1400
27600000,4493600,4493800,4493100,4493500,100,4494100,4494400,4493500,4493900,1500
27660000,4493500,4494100,4492500,4492900,100,4493900,4494600,4492800,4493200,1000
27720000,4492900,4493400,4492000,4492600,2500,4493200,4493800,4492300,4493100,1400
27780000,4492600,4492700,4491500,4491800,100,4493100,4493100,4492000,4492000,500
27840000,4491800,4491800,4490500,4491300,200,4492000,4492000,4490800,4491400,1000
27900000,4491300,4491900,4490800,4491400,1100,4491400,4492300,4491200,4491800,1000
27960000,4491400,4491600,4490700,4490700,100,4491800,4492000,4490900,4490900,1000
28020000,4490700,4490800,4490300,4490500,200,4490900,4491100,4490600,4490800,500
28080000,4490500,4490900,4489300,4489700,1100,4490800,4491300,4489600,4490000,200
28140000,4489700,4491400,4489000,4491300,100,4490000,4491800,4489300,4491600,1900
28200000,4491300,4491300,4490000,4490500,3100,4491600,4491800,4490300,4490900,1000
28260000,4490500,4492400,4490200,4491700,1100,4490900,4492700,4490500,4492200,1500
28320000,4491700,4492400,4491500,4491500,600,4492200,4492700,4491800,4491900,1500
28380000,4491500,4492000,4490700,4490900,1000,4491900,4492400,4491000,4491300,1500
28440000,4490900,4492400,4490600,4492200,300,4491300,4492700,4490900,4492500,1900
28500000,4492200,4492300,4491500,4491600,400,4492500,4492600,4491800,4491800,1000
28560000,4491600,4492100,4491200,4491600,700,4491800,4492400,4491400,4491800,1000
28620000,4491600,4492500,4491200,4492300,300,4491800,4492700,4491400,4492600,500
28680000,4492300,4492500,4491500,4491600,300,4492600,4492800,4491600,4491700,1000
28740000,4491600,4492500,4491600,4491800,400,4491700,4492800,4491700,4492000,100
28800000,4491800,4492000,4491600,4491800,400,4492000,4492500,4491800,4491900,700
28860000,4491800,4492100,4490300,4491200,1400,4491900,4492400,4490600,4491600,1500
28920000,4491200,4492000,4490700,4490800,100,4491600,4492400,4490800,4490900,1200
28980000,4490800,4491500,4490000,4491400,100,4490900,4491800,4490000,4491600,500
29040000,4491400,4492300,4491000,4491100,3000,4491600,4492500,4491400,4491700,1200
29100000,4491100,4492100,4490600,4490600,100,4491700,4492400,4490600,4490700,700
29160000,4490600,4490800,4489100,4489600,400,4490700,4491000,4489300,4489900,600
29220000,4489600,4491200,4489600,4490900,700,4489900,4491500,4489900,4491200,1700
29280000,4490900,4491100,4490300,4490900,400,4491200,4491400,4490600,4491100,200
29340000,4490900,4492500,4490900,4492500,400,4491100,4492700,4491100,4492700,700
29400000,4492500,4492500,4491400,4491500,400,4492700,4492800,4491600,4491700,1700
29460000,4491500,4491500,4490500,4491000,400,4491700,4491900,4490700,4491200,1200
29520000,4491000,4491300,4490000,4490400,500,4491200,4491700,4490100,4490700,2100
29580000,4490400,4490600,4490100,4490200,400,4490700,4491100,4490200,4490600,1200
29640000,4490200,4490700,4490100,4490300,400,4490600,4491000,4490300,4490600,500
29700000,4490300,4491100,4489100,4489200,400,4490600,4491400,4489300,4489400,500
29760000,4489200,4489800,4489100,4489500,400,4489400,4490000,4489400,4489800,1500
29820000,4489500,4489500,4488400,4488700,400,4489800,4489800,4488600,4488900,1000
29880000,4488700,4489000,4487700,4488800,400,4488900,4489300,4488000,4489100,1400
29940000,4488800,4489000,4488100,4488300,400,4489100,4489300,4488200,4488500,1500
30000000,4488300,4489300,4487700,4488000,400,4488500,4490000,4488100,4488200,2500
30060000,4488000,4488800,4487500,4487900,400,4488200,4489000,4487700,4488100,500
30120000,4487900,4489300,4486900,4489000,400,4488100,4489500,4487300,4489300,500
30180000,4489000,4489300,4487000,4487500,400,4489300,4489500,4487300,4487800,1500
30240000,4487500,4488000,4485900,4486100,400,4487800,4488400,4486000,4486400,2100
30300000,4486100,4486700,4485700,4485800,200,4486400,4487100,4485800,4486000,1500
30360000,4485800,4486600,4485400,4486500,500,4486000,4487000,4485500,4486800,400
30420000,4486500,4486600,4484900,4485500,400,4486800,4486900,4485000,4485800,500
30480000,4485500,4487000,4485500,4486300,400,4485800,4487500,4485800,4486500,500
30540000,4486300,4486600,4485000,4485000,500,4486500,4487900,4486100,4487900,100
30600000,4485000,4491300,4485000,4487300,400,4487900,4492000,4486300,4487800,900
30660000,4487300,4489600,4486000,4486300,800,4487800,4490000,4486500,4486600,500
30720000,4486300,4487800,4485000,4486300,400,4486600,4487900,4485500,4486600,400
30780000,4486300,4486600,4483800,4484600,500,4486600,4487000,4484000,4484700,1000
30840000,4484600,4487400,4484600,4486100,400,4484700,4487600,4484700,4486400,400
30900000,4486100,4487500,4485500,4487500,1300,4486400,4487600,4486000,4487600,900
30960000,4487500,4489800,4487400,4489500,1400,4487600,4489900,4487600,4489900,1200
31020000,4489500,4492100,4489500,4492100,400,4489900,4492300,4489900,4492300,200
31080000,4492100,4492600,4490000,4491400,600,4492300,4492900,4490400,4491700,400
31140000,4491400,4492000,4490500,4490600,1600,4491700,4493200,4490700,4490800,1000
31200000,4490600,4492200,4490300,4490300,100,4490800,4492500,4490600,4490700,1500
31260000,4490300,4490800,4488500,4488900,400,4490700,4491100,4488900,4489200,500
31320000,4488900,4492100,4488900,4491800,1600,4489200,4492600,4489100,4492100,100
31380000,4491800,4493100,4491600,4492500,400,4492100,4493400,4491900,4492700,1000
31440000,4492500,4493400,4490600,4490700,400,4492700,4493700,4490800,4490900,1000
31500000,4490700,4491900,4490000,4491600,800,4490900,4492100,4490100,4492000,500
31560000,4491600,4492800,4490400,4490800,700,4492000,4493300,4490700,4491000,500
31620000,4490800,4491200,4489000,4489000,500,4491000,4491500,4489200,4489300,800
31680000,4489000,4491300,4489000,4491200,400,4489300,4491400,4489300,4491400,400
31740000,4491200,4491800,4489800,4490500,1400,4491400,4492200,4490200,4490900,400
31800000,4490500,4491600,4490200,4491600,400,4490900,4491900,4490500,4491800,400
31860000,4491600,4492000,4491200,4491400,400,4491800,4492200,4491600,4491700,400
31920000,4491400,4491800,4489700,4491000,500,4491700,4492200,4490000,4491300,400
31980000,4491000,4493900,4491000,4493800,400,4491300,4494300,4491300,4494100,1500
32040000,4493800,4494000,4492500,4492600,400,4494100,4494300,4492900,4492900,900
32100000,4492600,4493100,4490500,4490800,400,4492900,4493500,4491000,4491100,400
32160000,4490800,4491100,4488900,4488900,300,4491100,4491400,4489000,4489000,100
32220000,4488900,4489500,4488700,4489200,400,4489000,4490100,4488900,4489400,500
32280000,4489200,4489200,4487500,4487700,400,4489400,4489500,4487800,4488100,800
32340000,4487700,4488800,4487000,4488800,400,4488100,4489200,4487200,4489100,400
32400000,4488800,4489000,4487500,4487600,400,4489100,4489400,4487800,4487800,200
32460000,4487600,4488800,4487000,4488700,800,4487800,4489100,4487400,4489000,400
32520000,4488700,4489000,4487300,4487300,800,4489000,4489400,4487600,4487600,500
32580000,4487300,4487900,4486700,4486900,900,4487600,4488200,4486900,4487200,1800
32640000,4486900,4487300,4486600,4486600,500,4487200,4487700,4486700,4486700,500
32700000,4486600,4487000,4486200,4486200,400,4486700,4487300,4486300,4486400,100
32760000,4486200,4487300,4486100,4487100,1400,4486400,4487500,4486200,4487500,1000
32820000,4487100,4488400,4487000,4487600,400,4487500,4488500,4487200,4488000,300
32880000,4487600,4487800,4486100,4486400,600,4488000,4488100,4486400,4486700,400
32940000,4486400,4487000,4486200,4486400,400,4486700,4487400,4486500,4486700,900
33000000,4486400,4486400,4485400,4485900,700,4486700,4486900,4485500,4486200,100
33060000,4485900,4487200,4485400,4487000,1700,4486200,4487600,4485700,4487300,500
33120000,4487000,4487100,4485000,4485200,400,4487300,4487500,4485100,4485400,200
33180000,4485200,4486100,4485000,4485800,700,4485400,4486400,4485200,4486200,900
33240000,4485800,4486600,4485100,4485600,400,4486200,4486900,4485500,4485900,500
33300000,4485600,4486000,4484500,4485100,300,4485900,4486500,4485000,4485400,400
33360000,4485100,4485300,4484000,4484000,400,4485400,4485700,4484200,4484300,100
33420000,4484000,4485100,4484000,4484700,500,4484300,4485500,4484200,4485100,2000
33480000,4484700,4485400,4484400,4485400,400,4485100,4485600,4484700,4485600,500
33540000,4485400,4485800,4484300,4485500,700,4485600,4486100,4484600,4485800,400
33600000,4485500,4486600,4484800,4486600,100,4485800,4486900,4485100,4486900,100
33660000,4486600,4486900,4485400,4485600,1200,4486900,4487000,4485700,4486000,800
33720000,4485600,4486200,4485400,4486200,100,4486000,4486400,4485700,4486400,800
33780000,4486200,4486400,4485400,4485900,400,4486400,4486700,4485800,4486200,400
33840000,4485900,4486200,4484500,4484800,700,4486200,4486500,4484800,4485100,400
33900000,4484800,4485100,4484100,4484700,300,4485100,4485600,4484600,4484900,1900
33960000,4484700,4485400,4484400,4484800,1000,4484900,4485800,4484500,4485000,600
34020000,4484800,4484900,4482600,4482600,200,4485000,4485000,4482800,4482900,500
34080000,4482600,4483000,4481600,4482000,500,4482900,4483300,4481900,4482200,600
34140000,4482000,4482600,4480000,4480400,1000,4482200,4483000,4480100,4480500,13900
34200000,4480400,4484400,4480400,4483000,900,4480500,4484500,4480500,4483100,700
34260000,4483000,4484200,4479700,4480000,900,4483100,4484400,4479800,4480100,100
34320000,4480000,4480900,4478100,4480000,400,4480100,4481000,4478200,4480100,400
34380000,4480000,4480000,4476200,4477100,100,4480100,4480100,4476300,4477200,600
34440000,4477100,4480600,4476800,4478700,500,4477200,4480700,4476900,4478800,800
34500000,4478700,4483300,4478100,4483000,600,4478800,4483400,4478200,4483100,600
34560000,4483000,4486700,4482400,4483700,500,4483100,4486800,4482500,4483800,500
34620000,4483700,4486000,4482900,4483900,400,4483800,4486200,4483000,4484000,600
34680000,4483900,4484200,4480700,4482300,1600,4484000,4484300,4480800,4482500,400
34740000,4482300,4484000,4481300,4481600,500,4482500,4484100,4481400,4481700,400
34800000,4481600,4482500,4479100,4480300,300,4481700,4482600,4479200,4480400,300
34860000,4480300,4480600,4477800,4479400,500,4480400,4480700,4477900,4479500,1400
34920000,4479400,4481200,4479100,4480200,300,4479500,4481300,4479300,4480300,2300
34980000,4480200,4480300,4478300,4479200,300,4480300,4480400,4478500,4479400,400
35040000,4479200,4480700,4478400,4479700,500,4479400,4480800,4478500,4479900,500
35100000,4479700,4480500,4476900,4479000,400,4479900,4480600,4477000,4479100,300
35160000,4479000,4479700,4476400,4479600,400,4479100,4479800,4476500,4479700,300
35220000,4479600,4485300,4478500,4485100,500,4479700,4485400,4478600,4485200,600
35280000,4485100,4485300,4482600,4483100,700,4485200,4485400,4482700,4483200,200
35340000,4483100,4484400,4482900,4483900,700,4483200,4484500,4483100,4484100,600
35400000,4483900,4487900,4482900,4486300,500,4484100,4488000,4483000,4486400,100
35460000,4486300,4486900,4484000,4485900,300,4486400,4487000,4484100,4486000,300
35520000,4485900,4487600,4484300,4487400,400,4486000,4487700,4484400,4487500,300
35580000,4487400,4488700,4485000,4486500,2000,4487500,4488800,4485100,4486600,100
35640000,4486500,4488600,4486300,4487900,300,4486600,4488700,4486400,4488000,600
35700000,4487900,4489900,4486500,4486700,1700,4488000,4490000,4486600,4486900,600
35760000,4486700,4487200,4485200,4487000,300,4486900,4487300,4485300,4487100,1000
35820000,4487000,4489400,4486700,4489100,500,4487100,4489500,4486800,4489300,400
35880000,4489100,4489300,4486300,4486800,100,4489300,4489400,4486500,4486900,100
35940000,4486800,4487500,4485600,4485600,100,4486900,4487600,4485900,4485900,200
36000000,4485600,4491100,4484200,4488900,300,4485900,4491200,4485000,4489100,400
36060000,4488900,4492100,4486800,4492000,600,4489100,4492200,4486900,4492100,200
36120000,4492000,4493000,4486700,4487300,600,4492100,4493100,4486800,4487400,300
36180000,4487300,4491000,4486600,4490100,600,4487400,4491100,4486700,4490200,300
36240000,4490100,4490900,4488500,4488900,600,4490200,4491000,4488600,4489000,300
36300000,4488900,4490100,4486900,4488800,300,4489000,4490200,4487000,4488900,1200
36360000,4488800,4489400,4486300,4486900,500,4488900,4489500,4486400,4487000,600
36420000,4486900,4488400,4486300,4486400,600,4487000,4488500,4486400,4486500,400
36480000,4486400,4487100,4484500,4484900,100,4486500,4487200,4484600,4485000,1100
36540000,4484900,4485900,4483600,4483900,800,4485000,4486000,4483700,4484000,100
36600000,4483900,4485100,4482100,4484400,300,4484000,4485200,4482200,4484500,600
36660000,4484400,4486200,4483600,4485700,500,4484500,4486300,4483700,4485800,100
36720000,4485700,4487400,4485500,4486900,200,4485800,4487500,4485600,4487000,800
36780000,4486900,4487500,4484400,4487400,1000,4487000,4487600,4484500,4487500,100
36840000,4487400,4487500,4484400,4485300,700,4487500,4487600,4484500,4485500,1800
36900000,4485300,4485400,4482700,4482900,700,4485500,4485500,4482800,4483000,100
36960000,4482900,4484300,4482000,4482500,300,4483000,4484400,4482100,4482600,900
37020000,4482500,4483500,4481500,4482900,600,4482600,4483600,4481600,4483000,700
37080000,4482900,4485200,4482400,4482900,400,4483000,4485300,4482500,4483000,700
37140000,4482900,4486000,4482500,4486000,800,4483000,4486100,4482600,4486100,500
37200000,4486000,4486000,4484100,4484900,100,4486100,4486100,4484200,4485000,900
37260000,4484900,4484900,4481000,4481600,1700,4485000,4485000,4481100,4481700,400
37320000,4481600,4482300,4479800,4481000,100,4481700,4482400,4479900,4481100,900
37380000,4481000,4481800,4479800,4480500,300,4481100,4481900,4479900,4480600,700
37440000,4480500,4481100,4479300,4479500,400,4480600,4481200,4479400,4479600,900
37500000,4479500,4480700,4478400,4479500,300,4479600,4480800,4478500,4479600,1300
37560000,4479500,4480300,4478300,4478300,200,4479600,4480400,4478400,4478400,1100
37620000,4478300,4478600,4476100,4477200,900,4478400,4478700,4476200,4477300,300
37680000,4477200,4477400,4474400,4474900,700,4477300,4477500,4474500,4475000,600
37740000,4474900,4477300,4474000,4474200,200,4475000,4477300,4474100,4474300,1400
37800000,4474200,4475700,4473600,4475400,800,4474300,4475800,4473700,4475500,400
37860000,4475400,4477900,4475300,4477700,400,4475500,4478000,4475400,4477800,500
37920000,4477700,4478600,4476900,4477600,300,4477800,4478700,4477000,4477700,2000
37980000,4477600,4478900,4476700,4478300,3600,4477700,4479000,4476800,4478400,100
38040000,4478300,4480400,4478100,4480000,600,4478400,4480500,4478200,4480100,400
38100000,4480000,4483500,4479900,4482100,100,4480100,4483600,4480000,4482200,500
38160000,4482100,4483700,4481000,4481100,300,4482200,4483800,4481100,4481200,600
38220000,4481100,4481500,4480100,4480600,1800,4481200,4481600,4480200,4480700,300
38280000,4480600,4481400,4480200,4480500,2200,4480700,4481500,4480300,4480600,200
38340000,4480500,4482700,4480400,4482500,100,4480600,4482800,4480500,4482600,800
38400000,4482500,4483900,4480700,4482600,800,4482600,4484000,4480800,4482700,400
38460000,4482600,4483100,4481000,4482300,600,4482700,4483200,4481100,4482400,100
38520000,4482300,4483400,4481800,4482800,100,4482400,4483500,4481900,4482900,1700
38580000,4482800,4483300,4481500,4481900,600,4482900,4483400,4481600,4482000,400
38640000,4481900,4484100,4481700,4483900,400,4482000,4484200,4481800,4484000,400
38700000,4483900,4484100,4480700,4481200,2000,4484000,4484200,4480800,4481300,100
38760000,4481200,4481900,4480900,4481400,700,4481300,4482000,4481000,4481500,400
38820000,4481400,4484100,4480900,4483700,500,4481500,4484200,4481000,4483800,900
38880000,4483700,4484700,4482400,4483900,400,4483800,4484800,4482500,4484000,500
38940000,4483900,4484600,4483800,4484100,500,4484000,4484700,4483900,4484200,1600
39000000,4484100,4484100,4481700,4482600,700,4484200,4484200,4481800,4482700,500
39060000,4482600,4482800,4480000,4480800,300,4482700,4482900,4480100,4480900,400
39120000,4480800,4481300,4479800,4480500,400,4480900,4481400,4479900,4480600,500
39180000,4480500,4481600,4480200,4481200,100,4480600,4481700,4480300,4481300,1500
39240000,4481200,4481200,4479300,4479600,700,4481300,4481300,4479400,4479700,300
39300000,4479600,4480000,4478300,4478900,100,4479700,4480100,4478400,4479000,900
39360000,4478900,4481100,4478800,4479800,800,4479000,4481200,4478900,4479900,200
39420000,4479800,4481300,4479200,4481200,200,4479900,4481400,4479300,4481300,1900
39480000,4481200,4485200,4481100,4484800,700,4481300,4485300,4481200,4484900,300
39540000,4484800,4485200,4483900,4484900,400,4484900,4485300,4484000,4485000,1900
39600000,4484900,4485800,4484400,4485300,2000,4485000,4485900,4484500,4485400,400
39660000,4485300,4485700,4484500,4485200,500,4485400,4485800,4484600,4485300,600
39720000,4485200,4485500,4483900,4484200,400,4485300,4485600,4484000,4484300,700
39780000,4484200,4487100,4483700,4486600,1700,4484300,4487200,4483800,4486700,600
39840000,4486600,4488100,4486400,4487100,1200,4486700,4488200,4486500,4487200,700
39900000,4487100,4488500,4486200,4487400,700,4487200,4488600,4486300,4487500,400
39960000,4487400,4488300,4487100,4487400,600,4487500,4488400,4487200,4487500,400
40020000,4487400,4488200,4487100,4487800,1200,4487500,4488300,4487200,4487900,200
40080000,4487800,4488400,4487300,4487700,1100,4487900,4488500,4487400,4487800,500
40140000,4487700,4488500,4487100,4487700,100,4487800,4488600,4487200,4487800,1100
40200000,4487700,4488100,4486100,4486800,400,4487800,4488200,4486200,4486900,1700
40260000,4486800,4488100,4486100,4487700,800,4486900,4488200,4486200,4487800,800
40320000,4487700,4488700,4487200,4487800,1000,4487800,4488800,4487300,4487900,500
40380000,4487800,4488500,4487300,4487400,1000,4487900,4488600,4487400,4487500,1600
40440000,4487400,4489100,4487100,4488900,700,4487500,4489200,4487200,4489000,100
40500000,4488900,4489500,4487800,4489400,300,4489000,4489600,4487900,4489500,1300
40560000,4489400,4490900,4488600,4490600,500,4489500,4491000,4488700,4490700,700
40620000,4490600,4492300,4489900,4491700,2000,4490700,4492400,4490000,4491800,1100
40680000,4491700,4493100,4490500,4492100,900,4491800,4493200,4490600,4492200,500
40740000,4492100,4494800,4492100,4493800,100,4492200,4494900,4492200,4493900,2000
40800000,4493800,4495100,4493400,4494000,1000,4493900,4495200,4493500,4494100,300
40860000,4494000,4495400,4493300,4494000,400,4494100,4495500,4493400,4494100,700
40920000,4494000,4494800,4493000,4493700,400,4494100,4494900,4493100,4493800,1000
40980000,4493700,4494100,4491900,4492400,700,4493800,4494200,4492000,4492500,600
41040000,4492400,4494300,4492100,4494100,1100,4492500,4494400,4492200,4494200,100
41100000,4494100,4494700,4493200,4494000,800,4494200,4494800,4493300,4494100,100
41160000,4494000,4495500,4493400,4493700,400,4494100,4495600,4493500,4493800,700
41220000,4493700,4494600,4493200,4494500,600,4493800,4494700,4493300,4494600,700
41280000,4494500,4495400,4494000,4495000,400,4494600,4495500,4494100,4495100,1600
41340000,4495000,4495400,4493600,4493900,400,4495100,4495500,4493700,4494000,900
41400000,4493900,4495200,4493800,4494500,400,4494000,4495300,4493900,4494600,1700
41460000,4494500,4494900,4493100,4494300,500,4494600,4495000,4493200,4494400,700
41520000,4494300,4494700,4492500,4492900,500,4494400,4494800,4492600,4493000,1000
41580000,4492900,4493800,4492400,4493100,200,4493000,4493900,4492500,4493200,700
41640000,4493100,4493600,4492100,4493500,1900,4493200,4493700,4492200,4493600,400
41700000,4493500,4493900,4492100,4492500,1700,4493600,4494000,4492200,4492600,400
41760000,4492500,4494200,4492500,4493400,1000,4492600,4494300,4492600,4493500,700
41820000,4493400,4493600,4491600,4492900,700,4493500,4493700,4491700,4493000,1200
41880000,4492900,4494900,4492900,4494800,800,4493000,4495000,4493000,4494900,500
41940000,4494800,4495200,4493500,4493800,500,4494900,4495300,4493600,4493900,1800
42000000,4493800,4493900,4492500,4492900,1000,4493900,4494000,4492600,4493000,400
42060000,4492900,4494800,4492700,4494600,600,4493000,4494900,4492800,4494700,800
42120000,4494600,4495200,4493600,4494800,700,4494700,4495300,4493700,4494900,600
42180000,4494800,4495100,4493700,4494000,500,4494900,4495200,4493800,4494100,700
42240000,4494000,4494100,4492700,4493500,1000,4494100,4494200,4492800,4493600,400
42300000,4493500,4493500,4490900,4491300,1300,4493600,4493600,4491000,4491400,300
42360000,4491300,4492000,4491100,4491400,300,4491400,4492100,4491200,4491500,2200
42420000,4491400,4493200,4491400,4492100,400,4491500,4493300,4491500,4492200,800
42480000,4492100,4493400,4491700,4493300,500,4492200,4493500,4491800,4493400,600
42540000,4493300,4494500,4493300,4494100,700,4493400,4494600,4493400,4494200,400
42600000,4494100,4495100,4494000,4494800,800,4494200,4495200,4494100,4494900,700
42660000,4494800,4497500,4494700,4496900,400,4494900,4497600,4494800,4497000,2000
42720000,4496900,4498700,4496600,4497600,1700,4497000,4498800,4496700,4497700,600
42780000,4497600,4498100,4496100,4497200,300,4497700,4498200,4496200,4497300,900
42840000,4497200,4497400,4496500,4497200,2000,4497300,4497500,4496600,4497300,900
42900000,4497200,4497300,4495400,4496600,1100,4497300,4497400,4495500,4496700,400
42960000,4496600,4497100,4493900,4494000,1800,4496700,4497200,4494000,4494100,200
43020000,4494000,4494200,4492000,4492600,700,4494100,4494300,4492100,4492700,700
43080000,4492600,4493900,4492500,4493600,800,4492700,4494000,4492600,4493700,600
43140000,4493600,4493600,4492400,4492800,400,4493700,4493700,4492500,4492900,700
43200000,4492800,4492800,4491200,4491300,1000,4492900,4492900,4491300,4491400,100
43260000,4491300,4492600,4491300,4491700,400,4491400,4492700,4491400,4491800,1400
43320000,4491700,4494100,4491300,4493900,600,4491800,4494200,4491400,4494000,300
43380000,4493900,4494200,4492700,4493000,800,4494000,4494300,4492800,4493100,500
43440000,4493000,4493500,4491300,4492700,400,4493100,4493600,4491400,4492800,700
43500000,4492700,4493700,4492500,4493600,1400,4492800,4493800,4492600,4493700,400
43560000,4493600,4493700,4492300,4492700,200,4493700,4493800,4492400,4492800,900
43620000,4492700,4493400,4491800,4493200,500,4492800,4493500,4491900,4493300,1300
43680000,4493200,4494500,4493000,4494000,400,4493300,4494600,4493100,4494100,800
43740000,4494000,4495200,4494000,4494100,700,4494100,4495300,4494100,4494200,400
43800000,4494100,4495300,4494100,4494700,600,4494200,4495400,4494200,4494800,900
43860000,4494700,4495200,4493500,4495000,500,4494800,4495300,4493600,4495100,600
43920000,4495000,4495100,4493700,4494300,700,4495100,4495200,4493800,4494400,1600
43980000,4494300,4494500,4493300,4493700,400,4494400,4494600,4493400,4493800,1300
44040000,4493700,4494200,4493000,4493500,400,4493800,4494300,4493100,4493600,1000
44100000,4493500,4494400,4492800,4494400,900,4493600,4494500,4492900,4494500,300
44160000,4494400,4494400,4492700,4493600,600,4494500,4494500,4492800,4493700,500
44220000,4493600,4493700,4492900,4493500,700,4493700,4493800,4493000,4493600,400
44280000,4493500,4494600,4493200,4494600,1400,4493600,4494700,4493300,4494700,600
44340000,4494600,4497100,4494600,4497000,600,4494700,4497200,4494700,4497100,1600
44400000,4497000,4497800,4496500,4497700,100,4497100,4497900,4496600,4497800,900
44460000,4497700,4497900,4496600,4497300,1300,4497800,4498000,4496700,4497400,200
44520000,4497300,4497300,4495400,4496100,600,4497400,4497400,4495500,4496200,800
44580000,4496100,4496600,4495100,4495300,1000,4496200,4496700,4495200,4495400,300
44640000,4495300,4496700,4495100,4496600,900,4495400,4496800,4495200,4496700,700
44700000,4496600,4496900,4496000,4496900,500,4496700,4497000,4496100,4497000,1000
44760000,4496900,4497200,4496000,4496600,700,4497000,4497300,4496100,4496700,1000
44820000,4496600,4497300,4496000,4496100,1100,4496700,4497400,4496100,4496200,500
44880000,4496100,4496300,4494900,4496200,900,4496200,4496400,4495000,4496300,400
44940000,4496200,4496700,4495500,4496700,700,4496300,4496800,4495600,4496800,200
45000000,4496700,4498100,4496700,4497500,300,4496800,4498200,4496800,4497600,2000
45060000,4497500,4498300,4496600,4497700,1800,4497600,4498400,4496700,4497800,600
45120000,4497700,4498100,4497600,4498100,1000,4497800,4498200,4497700,4498200,1100
45180000,4498100,4498100,4496700,4497100,1100,4498200,4498200,4496800,4497200,700
45240000,4497100,4497500,4496600,4497200,2400,4497200,4497600,4496700,4497300,400
45300000,4497200,4497900,4497000,4497900,2000,4497300,4498000,4497100,4498000,400
45360000,4497900,4499300,4497200,4498900,300,4498000,4499400,4497300,4499000,1000
45420000,4498900,4498900,4498000,4498700,200,4499000,4499000,4498100,4498800,1500
45480000,4498700,4498900,4498000,4498900,900,4498800,4499000,4498100,4499000,600
45540000,4498900,4499300,4498100,4498500,900,4499000,4499400,4498200,4498600,100
45600000,4498500,4500200,4498400,4499900,900,4498600,4500300,4498500,4500000,500
45660000,4499900,4500900,4499300,4500700,800,4500000,4501000,4499400,4500800,400
45720000,4500700,4502900,4500700,4502800,900,4500800,4503000,4500800,4502900,600
45780000,4502800,4504200,4502600,4503500,1200,4502900,4504300,4502700,4503600,500
45840000,4503500,4504100,4503400,4504100,400,4503600,4504200,4503500,4504200,900
45900000,4504100,4505400,4503800,4505400,1700,4504200,4505500,4503900,4505500,200
45960000,4505400,4506200,4505100,4505800,900,4505500,4506300,4505200,4505900,600
46020000,4505800,4506400,4504700,4505200,1700,4505900,4506500,4504800,4505300,600
46080000,4505200,4506400,4504900,4505500,800,4505300,4506500,4505000,4505600,700
46140000,4505500,4506900,4505400,4506700,800,4505600,4507000,4505500,4506800,600
46200000,4506700,4507300,4505800,4507100,400,4506800,4507400,4505900,4507200,500
46260000,4507100,4507400,4505200,4506200,800,4507200,4507500,4505300,4506300,300
46320000,4506200,4506400,4504900,4505000,1300,4506300,4506500,4505000,4505100,400
46380000,4505000,4506100,4504300,4504500,700,4505100,4506200,4504400,4504600,1200
46440000,4504500,4505500,4504300,4504400,2000,4504600,4505600,4504400,4504500,700
46500000,4504400,4505600,4504200,4505500,1400,4504500,4505700,4504300,4505600,400
46560000,4505500,4505700,4504600,4504800,300,4505600,4505800,4504700,4504900,1200
46620000,4504800,4504900,4503500,4504500,1000,4504900,4505000,4503600,4504600,300
46680000,4504500,4505800,4504500,4505600,600,4504600,4505900,4504600,4505700,300
46740000,4505600,4506000,4505100,4505500,100,4505700,4506100,4505200,4505600,900
46800000,4505500,4506600,4505400,4505700,300,4505600,4506700,4505500,4505800,1000
46860000,4505700,4506000,4505100,4505500,200,4505800,4506100,4505200,4505600,900
46920000,4505500,4506700,4504800,4505300,1300,4505600,4506800,4504900,4505400,400
46980000,4505300,4505800,4504400,4505500,400,4505400,4505900,4504500,4505600,700
47040000,4505500,4506500,4505000,4505000,2100,4505600,4506600,4505100,4505100,200
47100000,4505000,4505400,4503700,4504400,200,4505100,4505500,4503800,4504500,900
47160000,4504400,4505000,4503600,4503600,500,4504500,4505100,4503700,4503700,400
47220000,4503600,4504500,4503300,4503700,1600,4503700,4504600,4503400,4503800,700
47280000,4503700,4504000,4502400,4502600,100,4503800,4504100,4502500,4502700,1600
47340000,4502600,4504500,4501900,4503500,1600,4502700,4504600,4502000,4503600,200
47400000,4503500,4504800,4503300,4504500,600,4503600,4504900,4503400,4504600,300
47460000,4504500,4505500,4503600,4503900,200,4504600,4505600,4503700,4504000,800
47520000,4503900,4506100,4503800,4505200,200,4504000,4506200,4503900,4505300,1900
47580000,4505200,4505200,4504000,4504600,500,4505300,4505300,4504100,4504700,600
47640000,4504600,4504900,4504500,4504600,400,4504700,4505000,4504600,4504700,700
47700000,4504600,4504900,4504100,4504400,400,4504700,4505000,4504200,4504500,700
47760000,4504400,4504500,4502400,4502800,1000,4504500,4504600,4502500,4502900,700
47820000,4502800,4504200,4502400,4504200,800,4502900,4504300,4502500,4504300,600
47880000,4504200,4504700,4503700,4504500,2000,4504300,4504800,4503800,4504600,200
47940000,4504500,4505400,4504200,4504500,1500,4504600,4505500,4504300,4504600,200
48000000,4504500,4506000,4504500,4505600,600,4504600,4506100,4504600,4505700,500
48060000,4505600,4507100,4505600,4507000,600,4505700,4507200,4505700,4507100,1200
48120000,4507000,4507000,4505400,4506200,1000,4507100,4507100,4505500,4506300,400
48180000,4506200,4506500,4505900,4506200,1300,4506300,4506600,4506000,4506300,300
48240000,4506200,4506700,4506200,4506600,300,4506300,4506800,4506300,4506700,700
48300000,4506600,4507300,4505900,4506100,700,4506700,4507400,4506000,4506200,500
48360000,4506100,4507900,4506100,4506800,900,4506200,4508000,4506200,4506900,500
48420000,4506800,4507700,4506600,4506800,1000,4506900,4507800,4506700,4506900,100
48480000,4506800,4507400,4506600,4506900,500,4506900,4507500,4506700,4507000,300
48540000,4506900,4507000,4504000,4504700,500,4507000,4507100,4504100,4504800,1900
48600000,4504700,4505700,4504500,4505400,100,4504800,4505800,4504600,4505500,1100
48660000,4505400,4505600,4504000,4504100,500,4505500,4505700,4504100,4504200,600
48720000,4504100,4504500,4502800,4502900,800,4504200,4504600,4502900,4503000,600
48780000,4502900,4503000,4501900,4502400,700,4503000,4503100,4502000,4502500,300
48840000,4502400,4503100,4501700,4501800,800,4502500,4503200,4501800,4501900,700
48900000,4501800,4502000,4500300,4500900,600,4501900,4502100,4500400,4501000,400
48960000,4500900,4502500,4500600,4502400,400,4501000,4502600,4500700,4502500,1000
49020000,4502400,4503200,4501900,4502000,300,4502500,4503300,4502000,4502100,900
49080000,4502000,4502700,4501900,4502700,500,4502100,4502900,4502000,4502800,2000
49140000,4502700,4503900,4502700,4503200,1700,4502800,4504000,4502800,4503300,600
49200000,4503200,4503300,4501800,4501900,500,4503300,4503400,4501900,4502000,500
49260000,4501900,4502200,4501000,4501100,2600,4502000,4502300,4501100,4501200,400
49320000,4501100,4501900,4500600,4501100,200,4501200,4502000,4500700,4501200,1000
49380000,4501100,4501100,4499500,4499600,600,4501200,4501200,4499600,4499700,800
49440000,4499600,4500700,4499500,4499700,100,4499700,4500800,4499600,4499800,1300
49500000,4499700,4499700,4497400,4498300,700,4499800,4499800,4497500,4498400,100
49560000,4498300,4499300,4498200,4498800,400,4498400,4499400,4498300,4498900,1800
49620000,4498800,4499400,4498300,4499200,600,4498900,4499400,4498400,4499300,500
49680000,4499200,4500400,4499000,4500400,1000,4499300,4500500,4499100,4500500,400
49740000,4500400,4500900,4499200,4499300,800,4500500,4501000,4499300,4499400,600
49800000,4499300,4499800,4498100,4498300,1200,4499400,4499900,4498200,4498400,900
49860000,4498300,4499000,4497900,4498500,200,4498400,4499100,4498000,4498600,1200
49920000,4498500,4498500,4497800,4498100,1300,4498600,4498600,4497900,4498200,100
49980000,4498100,4499900,4498000,4499900,200,4498200,4500000,4498100,4500000,800
50040000,4499900,4499900,4498700,4498800,600,4500000,4500000,4498800,4498900,300
50100000,4498800,4499100,4496900,4497100,1400,4498900,4499200,4497000,4497200,100
50160000,4497100,4497500,4495500,4495900,900,4497200,4497600,4495600,4496000,900
50220000,4495900,4497200,4495500,4496900,1100,4496000,4497300,4495600,4497000,300
50280000,4496900,4497100,4496100,4496300,1800,4497000,4497200,4496200,4496400,200
50340000,4496300,4496300,4494200,4495100,600,4496400,4496400,4494300,4495200,1100
50400000,4495100,4496100,4494600,4495000,700,4495200,4496200,4494700,4495100,400
50460000,4495000,4495900,4492500,4493500,100,4495100,4496000,4492600,4493600,1400
50520000,4493500,4495100,4493400,4495100,700,4493600,4495200,4493500,4495200,400
50580000,4495100,4496300,4495000,4495900,2100,4495200,4496300,4495100,4496000,300
50640000,4495900,4496500,4494900,4496000,400,4496000,4496600,4495000,4496100,500
50700000,4496000,4496100,4494900,4495300,700,4496100,4496200,4495000,4495400,500
50760000,4495300,4496700,4495100,4496100,800,4495400,4496800,4495200,4496200,400
50820000,4496100,4496200,4494800,4495100,1100,4496200,4496300,4494900,4495200,700
50880000,4495100,4495900,4494400,4494800,1500,4495200,4496000,4494500,4494900,500
50940000,4494800,4494800,4493800,4493900,1500,4494900,4494900,4493900,4494000,100
51000000,4493900,4494400,4492900,4493500,200,4494000,4494500,4493000,4493600,1700
51060000,4493500,4495600,4493300,4494700,400,4493600,4495700,4493400,4494800,500
51120000,4494700,4495300,4494200,4494200,500,4494800,4495400,4494300,4494300,500
51180000,4494200,4495400,4494000,4495200,300,4494300,4495500,4494100,4495300,800
51240000,4495200,4496100,4494700,4494800,100,4495300,4496200,4494800,4494900,1000
51300000,4494800,4496100,4494700,4496100,700,4494900,4496200,4494800,4496200,300
51360000,4496100,4497100,4494700,4495200,300,4496200,4497200,4494800,4495300,800
51420000,4495200,4496400,4495000,4496400,200,4495300,4496500,4495100,4496500,900
51480000,4496400,4497500,4496200,4497400,500,4496500,4497600,4496300,4497500,400
51540000,4497400,4498800,4497300,4498800,1200,4497500,4498900,4497400,4498900,200
51600000,4498800,4498900,4497500,4498000,300,4498900,4499000,4497600,4498100,600
51660000,4498000,4498300,4497400,4498300,400,4498100,4498400,4497500,4498400,1900
51720000,4498300,4498600,4497900,4498500,400,4498400,4498700,4498000,4498600,800
51780000,4498500,4500000,4498300,4499900,700,4498600,4500100,4498400,4500000,400
51840000,4499900,4500300,4499500,4500100,1000,4500000,4500400,4499600,4500200,200
51900000,4500100,4500300,4498700,4498900,1300,4500200,4500400,4498800,4499000,100
51960000,4498900,4500000,4498100,4498200,400,4499000,4500100,4498200,4498300,700
52020000,4498200,4498500,4497200,4498200,600,4498300,4498600,4497300,4498300,600
52080000,4498200,4498600,4496700,4498100,400,4498300,4498700,4496800,4498200,700
52140000,4498100,4498600,4497600,4498000,700,4498200,4498700,4497700,4498100,600
52200000,4498000,4498800,4497200,4497900,2000,4498100,4498900,4497300,4498000,100
52260000,4497900,4499400,4497900,4499200,300,4498000,4499500,4498000,4499300,1200
52320000,4499200,4499800,4498000,4499300,500,4499300,4499900,4498100,4499400,400
52380000,4499300,4499400,4497500,4498000,500,4499400,4499500,4497600,4498100,1100
52440000,4498000,4498400,4497600,4497900,100,4498100,4498500,4497700,4498000,1000
52500000,4497900,4498100,4495800,4495900,1700,4498000,4498200,4495900,4496000,100
52560000,4495900,4495900,4492800,4493200,300,4496000,4496000,4492900,4493300,500
52620000,4493200,4494700,4492800,4494700,400,4493300,4494800,4492900,4494800,500
52680000,4494700,4496400,4494500,4495600,600,4494800,4496500,4494600,4495700,400
52740000,4495600,4496600,4495400,4495900,600,4495700,4496700,4495500,4496000,500
52800000,4495900,4496900,4495900,4496600,800,4496000,4497000,4496000,4496700,100
52860000,4496600,4498200,4495700,4498200,300,4496700,4498300,4495800,4498300,700
52920000,4498200,4499300,4498000,4499100,900,4498300,4499400,4498100,4499200,500
52980000,4499100,4499300,4497900,4498200,900,4499200,4499400,4498000,4498300,500
53040000,4498200,4498700,4497600,4498200,700,4498300,4498800,4497700,4498300,400
53100000,4498200,4499600,4498200,4499100,300,4498300,4499700,4498300,4499200,900
53160000,4499100,4499900,4498500,4498600,1200,4499200,4500000,4498600,4498700,400
53220000,4498600,4498700,4497100,4498100,300,4498700,4498800,4497200,4498200,500
53280000,4498100,4498100,4497100,4497400,500,4498200,4498200,4497200,4497500,500
53340000,4497400,4497400,4495800,4496500,500,4497500,4497500,4495900,4496600,1500
53400000,4496500,4497600,4496500,4496600,500,4496600,4497700,4496600,4496700,200
53460000,4496600,4497800,4495700,4497700,600,4496700,4497900,4495800,4497800,400
53520000,4497700,4498300,4497000,4497900,700,4497800,4498400,4497100,4498000,200
53580000,4497900,4499800,4497500,4499700,500,4498000,4499900,4497600,4499800,800
53640000,4499700,4500900,4499600,4500900,100,4499800,4501000,4499700,4501000,1000
53700000,4500900,4501100,4498700,4499800,200,4501000,4501300,4498800,4499900,1700
53760000,4499800,4500300,4498800,4499000,100,4499900,4500400,4498900,4499100,800
53820000,4499000,4500300,4498700,4500200,200,4499100,4500400,4498800,4500300,600
53880000,4500200,4500300,4499500,4500000,500,4500300,4500400,4499600,4500100,700
53940000,4500000,4500000,4498700,4499800,500,4500100,4500100,4498800,4499900,1500
54000000,4499800,4500300,4499200,4499400,1000,4499900,4500400,4499300,4499500,300
54060000,4499400,4499600,4497800,4498200,900,4499500,4499700,4497900,4498300,400
54120000,4498200,4499000,4497900,4498500,700,4498300,4499100,4498000,4498600,200
54180000,4498500,4499800,4497500,4499700,500,4498600,4499900,4497600,4499800,900
54240000,4499700,4499900,4498700,4499300,400,4499800,4500000,4498800,4499400,900
54300000,4499300,4499500,4496400,4496400,1900,4499400,4499600,4496500,4496500,400
54360000,4496400,4497300,4496200,4497000,400,4496500,4497400,4496300,4497100,1100
54420000,4497000,4497800,4496600,4497000,1100,4497100,4497900,4496700,4497100,100
54480000,4497000,4497500,4494000,4494500,500,4497100,4497600,4494100,4494600,600
54540000,4494500,4495600,4494100,4495300,500,4494600,4495700,4494200,4495400,100
54600000,4495300,4495500,4493500,4493800,500,4495400,4495600,4493600,4493900,400
54660000,4493800,4493800,4491900,4492500,100,4493900,4493900,4492000,4492600,1100
54720000,4492500,4492900,4491800,4491800,1000,4492600,4493000,4491900,4491900,400
54780000,4491800,4492500,4488800,4488900,500,4491900,4492600,4488900,4489000,400
54840000,4488900,4490300,4487900,4490000,1000,4489000,4490400,4488000,4490100,300
54900000,4490000,4490100,4488500,4489200,500,4490100,4490200,4488600,4489300,800
54960000,4489200,4489200,4487800,4488000,800,4489300,4489300,4487900,4488100,400
55020000,4488000,4489700,4487700,4489700,500,4488100,4489800,4487800,4489800,1700
55080000,4489700,4490400,4488500,4490200,600,4489800,4490500,4488600,4490300,1700
55140000,4490200,4492400,4489700,4492000,600,4490300,4492500,4489800,4492100,300
55200000,4492000,4492000,4490400,4490500,1100,4492100,4492100,4490500,4490600,200
55260000,4490500,4492100,4490300,4491800,600,4490600,4492200,4490400,4491900,700
55320000,4491800,4492600,4490800,4492400,100,4491900,4492700,4490900,4492500,600
55380000,4492400,4493400,4492100,4492600,300,4492500,4493500,4492200,4492700,600
55440000,4492600,4493900,4492300,4493800,800,4492700,4494000,4492400,4493900,500
55500000,4493800,4494300,4493000,4493200,100,4493900,4494400,4493100,4493300,3300
55560000,4493200,4494000,4492800,4493600,600,4493300,4494100,4492900,4493700,400
55620000,4493600,4494000,4492400,4493200,500,4493700,4494100,4492500,4493300,600
55680000,4493200,4493400,4492100,4492300,500,4493300,4493500,4492200,4492400,300
55740000,4492300,4492800,4491600,4492300,600,4492400,4492900,4491700,4492400,500
55800000,4492300,4493500,4491700,4493500,300,4492400,4493600,4491800,4493600,1400
55860000,4493500,4495400,4493300,4494600,3500,4493600,4495500,4493400,4494700,1000
55920000,4494600,4495800,4494500,4495000,500,4494700,4495900,4494600,4495100,1100
55980000,4495000,4495200,4493300,4494000,600,4495100,4495300,4493400,4494100,600
56040000,4494000,4495000,4493800,4493900,700,4494100,4495100,4493900,4494000,200
56100000,4493900,4495200,4493800,4494700,500,4494000,4495300,4493900,4494800,500
56160000,4494700,4495000,4493800,4494800,400,4494800,4495100,4493900,4494900,1700
56220000,4494800,4494800,4492000,4492100,400,4494900,4494900,4492000,4492200,1300
56280000,4492100,4493400,4491000,4491100,300,4492200,4493500,4491100,4491200,800
56340000,4491100,4493000,4490700,4491800,900,4491200,4493100,4490800,4491900,300
56400000,4491800,4492200,4491300,4491400,900,4491900,4492300,4491400,4491500,900
56460000,4491400,4492500,4491000,4491500,800,4491500,4492600,4491100,4491600,500
56520000,4491500,4492500,4491000,4492400,500,4491600,4492600,4491100,4492500,500
56580000,4492400,4493200,4491500,4491600,300,4492500,4493300,4491600,4491700,600
56640000,4491600,4492300,4491000,4491800,500,4491700,4492400,4491100,4491900,100
56700000,4491800,4492300,4491100,4492100,500,4491900,4492400,4491200,4492200,500
56760000,4492100,4492300,4490700,4490700,600,4492200,4492400,4490800,4490800,1200
56820000,4490700,4492200,4490300,4492100,800,4490800,4492300,4490400,4492200,800
56880000,4492100,4492200,4490300,4490400,500,4492200,4492300,4490400,4490500,500
56940000,4490400,4490600,4490000,4490000,400,4490500,4490700,4490100,4490100,200
57000000,4490000,4491300,4489200,4490000,900,4490100,4491400,4489300,4490100,4400
57060000,4490000,4491300,4489100,4490800,700,4490100,4491400,4489200,4490900,700
57120000,4490800,4492200,4490100,4492200,1200,4490900,4492300,4490200,4492300,1700
57180000,4492200,4493500,4492000,4493300,500,4492300,4493600,4492100,4493400,900
57240000,4493300,4494800,4493100,4493100,1000,4493400,4494900,4493200,4493200,1200
57300000,4493100,4493300,4492400,4493100,1300,4493200,4493400,4492500,4493200,1000
57360000,4493100,4495000,4493100,4494300,700,4493200,4495100,4493100,4494400,600
57420000,4494300,4496300,4494000,4496000,2300,4494400,4496400,4494100,4496100,3100
57480000,4496000,4496400,4495400,4495400,1100,4496100,4496500,4495500,4495500,600
57540000,4495400,4495400,4487900,4488400,146000,4495500,4495500,4488000,4488500,2300
57600000,4488400,4489300,4485600,4487800,500,4488500,4489700,4485700,4488700,700
57660000,4487800,4505600,4487600,4497500,600,4488700,4506200,4488500,4498000,800
57720000,4497500,4500200,4495200,4497800,100,4498000,4500800,4496000,4498000,500
57780000,4497800,4501200,4497300,4499900,500,4498000,4502200,4497700,4500200,1000
57840000,4499900,4502200,4499700,4500200,1000,4500200,4502700,4500200,4500700,500
57900000,4500200,4500900,4498200,4499700,300,4500700,4501200,4498600,4499900,600
57960000,4499700,4499900,4498200,4498900,300,4499900,4500000,4498600,4499200,1300
58020000,4498900,4500900,4498700,4500200,1900,4499200,4501100,4499000,4500500,1100
58080000,4500200,4502900,4499600,4501900,900,4500500,4503300,4500000,4502100,100
58140000,4501900,4503400,4501600,4502600,900,4502100,4503500,4501900,4502800,300
58200000,4502600,4503300,4501700,4502800,1500,4502800,4503500,4502000,4503200,1900
58260000,4502800,4503300,4502300,4503000,900,4503200,4503500,4502500,4503300,1300
58320000,4503000,4503800,4502200,4503400,1500,4503300,4504000,4502500,4503600,100
58380000,4503400,4506100,4503200,4504400,300,4503600,4506100,4503400,4504600,500
58440000,4504400,4504400,4502700,4503100,300,4504600,4504700,4502900,4503300,1100
58500000,4503100,4503300,4502100,4502300,1000,4503300,4503600,4502400,4502400,100
58560000,4502300,4502300,4501000,4502300,1000,4502400,4502700,4501500,4502600,1100
58620000,4502300,4503000,4501800,4502800,1100,4502600,4503300,4502200,4503100,2000
58680000,4502800,4503400,4502300,4503100,100,4503100,4503700,4502700,4503400,1600
58740000,4503100,4504000,4502800,4503900,3300,4503400,4504300,4503100,4504300,1300
58800000,4503900,4504100,4503200,4503800,1500,4504300,4504400,4503500,4504200,1600
58860000,4503800,4505100,4503800,4505000,1600,4504200,4505400,4504000,4505400,1400
58920000,4505000,4506400,4504200,4505700,1600,4505400,4506600,4504600,4506000,1600
58980000,4505700,4506000,4504700,4505200,2300,4506000,4506100,4505200,4505700,1000
59040000,4505200,4505600,4504500,4505000,500,4505700,4505900,4504900,4505200,1600
59100000,4505000,4505200,4504800,4505000,1000,4505200,4505400,4504900,4505400,1500
59160000,4505000,4505500,4504500,4504800,2100,4505400,4505900,4504900,4505000,300
59220000,4504800,4505400,4504200,4505400,500,4505000,4505800,4504600,4505800,1300
59280000,4505400,4505700,4505000,4505400,500,4505800,4506200,4505300,4505800,2500
59340000,4505400,4505400,4504000,4504000,700,4505800,4505800,4504600,4504900,100
59400000,4504000,4511400,4499000,4500100,1100,4504900,4511500,4499500,4500400,1000
59460000,4500100,4503800,4495800,4497800,1600,4500400,4504400,4496300,4498200,1600
59520000,4497800,4499700,4493700,4496800,500,4498200,4500400,4494000,4497200,1800
59580000,4496800,4499600,4495000,4498100,1000,4497200,4500000,4496100,4498500,500
59640000,4498100,4500100,4495700,4497500,500,4498500,4500400,4496300,4497900,1100
59700000,4497500,4497500,4494300,4494500,1000,4497900,4497900,4494700,4494900,30000
59760000,4494500,4497000,4494000,4495300,1800,4494900,4497500,4494400,4495900,3200
59820000,4495300,4497000,4495100,4496000,1100,4495900,4497500,4495500,4496500,1800
59880000,4496000,4496600,4494300,4494300,1000,4496500,4497000,4494700,4494700,500
59940000,4494300,4495000,4493200,4494700,1100,4494700,4495500,4493700,4495000,1100
60000000,4494700,4495500,4493200,4493900,1100,4495000,4495900,4493500,4494200,500
60060000,4493900,4494100,4493100,4493400,1100,4494200,4494500,4493200,4493700,500
60120000,4493400,4493600,4491500,4492200,4500,4493700,4494000,4491900,4492500,1000
60180000,4492200,4492900,4490100,4490600,1600,4492500,4493000,4490500,4491000,1000
60240000,4490600,4492100,4490300,4491700,1100,4491000,4492400,4490600,4492100,500
60300000,4491700,4492300,4491300,4492000,1300,4492100,4492700,4491700,4492400,2100
60360000,4492000,4493300,4492000,4493000,10000,4492400,4493700,4492300,4493300,1600
60420000,4493000,4493400,4490400,4490800,1600,4493300,4493700,4490800,4491100,700
60480000,4490800,4490800,4489300,4489300,600,4491100,4491100,4489600,4489700,1300
60540000,4489300,4489500,4488400,4488700,1900,4489700,4489800,4488500,4489100,500
60600000,4488700,4490400,4488500,4489700,1300,4489100,4490800,4488800,4490100,1600
60660000,4489700,4490100,4489300,4489300,600,4490100,4490500,4489700,4489800,1600
60720000,4489300,4490000,4489300,4489300,200,4489800,4490600,4489500,4489500,1100
60780000,4489300,4490100,4489300,4490100,1600,4489500,4490600,4489500,4490600,500
60840000,4490100,4491900,4490100,4491700,1600,4490600,4492300,4490400,4492200,1100
60900000,4491700,4491900,4491200,4491400,1600,4492200,4492300,4491500,4491800,1600
60960000,4491400,4491900,4491200,4491400,100,4491800,4492200,4491500,4491600,500
61020000,4491400,4491700,4490700,4491600,1300,4491600,4491800,4491000,4491800,100
61080000,4491600,4493000,4491400,4492000,1100,4491800,4493100,4491800,4492700,1100
61140000,4492000,4493000,4491400,4491400,500,4492700,4493100,4492400,4493100,100
61200000,4491400,4491800,4490700,4491700,100,4493100,4493100,4491000,4492900,300
61260000,4491700,4491800,4491300,4491400,400,4492900,4492900,4492000,4492900,300
61320000,4491400,4492400,4491400,4492400,600,4492900,4492900,4492200,4492900,300
61380000,4492400,4492400,4491600,4492400,100,4492900,4492900,4492800,4492900,300
61440000,4492400,4492800,4492200,4492400,100,4492900,4492900,4492800,4492800,100
61500000,4492400,4492400,4492200,4492200,1000,4492800,4492800,4492400,4492400,100
61560000,4492200,4493000,4492200,4492600,100,4492400,4493800,4492400,4493800,100
61620000,4492600,4492600,4491800,4492000,200,4493800,4493800,4493200,4493500,100
61680000,4492000,4492000,4492000,4492000,100,4493500,4493500,4493000,4493000,500
61740000,4492000,4492000,4491000,4492000,200,4493000,4493000,4492300,4492500,100
61800000,4492000,4492000,4491000,4492000,100,4492500,4492500,4492400,4492500,100
61860000,4492000,4492000,4492000,4492000,200,4492500,4492500,4492500,4492500,100
61920000,4492000,4492500,4492000,4492500,700,4492500,4493000,4492500,4493000,3000
61980000,4492500,4493500,4492000,4492000,200,4493000,4493900,4493000,4493900,500
62040000,4492000,4492300,4492000,4492000,100,4493900,4493900,4493200,4493200,100
62100000,4492000,4493300,4492000,4493200,800,4493200,4493500,4493200,4493500,100
62160000,4493200,4493200,4492000,4492000,200,4493500,4493500,4493200,4493200,100
62220000,4492000,4492700,4492000,4492700,1200,4493200,4493500,4493000,4493000,100
62280000,4492700,4492800,4492700,4492800,800,4493000,4493000,4493000,4493000,200
62340000,4492800,4492800,4492800,4492800,200,4493000,4493000,4493000,4493000,200
62400000,4492800,4493500,4492000,4493500,100,4493000,4493900,4493000,4493900,500
62460000,4493500,4493500,4492000,4492800,100,4493900,4493900,4493400,4493900,3000
62520000,4492800,4493300,4492000,4492000,500,4493900,4493900,4493500,4493500,100
62580000,4492000,4492600,4491500,4492000,100,4493500,4493500,4492500,4492700,100
62640000,4492000,4492000,4488500,4491500,400,4492700,4493500,4490100,4492000,100
62700000,4491500,4492000,4490000,4491500,200,4492000,4493500,4492000,4493400,100
62760000,4491500,4491500,4490600,4490600,300,4493400,4493400,4491500,4491500,1700
62820000,4490600,4490600,4490000,4490000,600,4491500,4491500,4490600,4491500,2700
62880000,4490000,4490000,4489100,4490000,100,4491500,4491500,4490300,4491500,1000
62940000,4490000,4490500,4490000,4490500,100,4491500,4491500,4491000,4491200,1000
63000000,4490500,4490500,4490500,4490500,200,4491200,4491200,4491200,4491200,1000
63060000,4490500,4490500,4489500,4490000,100,4491200,4491200,4491000,4491200,900
63120000,4490000,4490000,4489500,4489500,300,4491200,4491200,4490000,4490000,200
63180000,4489500,4489500,4484500,4488400,300,4490000,4490000,4488800,4490000,200
63240000,4488400,4489300,4488400,4488400,300,4490000,4490000,4489100,4489100,7400
63300000,4488400,4488400,4488400,4488400,100,4489100,4490000,4488900,4488900,7200
63360000,4488400,4488400,4488400,4488400,400,4488900,4490000,4488800,4488800,6000
63420000,4488400,4488400,4488400,4488400,500,4488800,4490000,4488600,4488900,4300
63480000,4488400,4488800,4488400,4488800,300,4488900,4488900,4488900,4488900,3800
63540000,4488800,4488800,4488800,4488800,400,4488900,4488900,4488900,4488900,3800
63600000,4488800,4488800,4488800,4488800,400,4488900,4488900,4488900,4488900,3600
63660000,4488800,4488800,4488800,4488800,400,4488900,4488900,4488900,4488900,3500
63720000,4488800,4488800,4488800,4488800,400,4488900,4488900,4488900,4488900,2400
63780000,4488800,4488800,4488800,4488800,100,4488900,4488900,4488800,4488900,1800
63840000,4488800,4488800,4487000,4487500,200,4488900,4488900,4488700,4488900,1800
63900000,4487500,4488400,4487500,4488400,300,4488900,4488900,4488900,4488900,1900
63960000,4488400,4488400,4488400,4488400,300,4488900,4488900,4488800,4488900,1700
64020000,4488400,4489000,4488400,4489000,500,4488900,4489800,4488900,4489700,400
64080000,4489000,4489500,4488900,4488900,1300,4489700,4489800,4489500,4489800,400
64140000,4488900,4489900,4488900,4489900,800,4489800,4490000,4489800,4490000,500
64200000,4489900,4490000,4489000,4489000,700,4490000,4490200,4490000,4490200,400
64260000,4489000,4489000,4489000,4489000,1900,4490200,4490200,4490000,4490000,300
64320000,4489000,4489000,4489000,4489000,2200,4490000,4490000,4489900,4489900,100
64380000,4489000,4489000,4489000,4489000,2300,4489900,4489900,4489900,4489900,100
64440000,4489000,4489200,4489000,4489200,100,4489900,4489900,4489900,4489900,100
64500000,4489200,4490200,4489200,4490000,1800,4489900,4491000,4489900,4491000,500
64560000,4490000,4490200,4490000,4490200,1100,4491000,4491000,4491000,4491000,300
64620000,4490200,4490300,4490200,4490300,700,4491000,4491400,4491000,4491000,100
64680000,4490300,4491200,4490300,4491200,300,4491000,4492500,4491000,4492500,100
64740000,4491200,4491400,4491000,4491400,300,4492500,4492500,4491400,4491800,100
64800000,4491400,4492400,4490100,4491700,600,4491800,4493000,4490500,4492500,600
64860000,4491700,4493300,4491700,4493300,400,4492500,4493500,4492500,4493500,100
64920000,4493300,4494800,4493100,4494800,500,4493500,4495200,4493500,4495200,200
64980000,4494800,4495800,4493600,4493800,500,4495200,4496300,4494100,4494500,500
65040000,4493800,4493800,4492600,4492600,500,4494500,4494500,4492900,4493100,500
65100000,4492600,4493000,4492100,4493000,300,4493100,4493300,4492600,4493100,500
65160000,4493000,4493000,4493000,4493000,300,4493100,4493400,4492800,4493100,500
65220000,4493000,4493000,4491100,4491400,500,4493100,4493100,4491800,4492000,500
65280000,4491400,4491900,4491200,4491900,500,4492000,4492400,4491700,4492400,500
65340000,4491900,4492200,4490700,4491400,500,4492400,4492700,4491400,4491800,100
65400000,4491400,4491700,4490600,4491500,500,4491800,4492200,4491100,4492200,1000
65460000,4491500,4492600,4491400,4492300,100,4492200,4493100,4491900,4492600,500
65520000,4492300,4492600,4491900,4492600,400,4492600,4493100,4492400,4493100,500
65580000,4492600,4493500,4491700,4493200,500,4493100,4494900,4492400,4493900,500
65640000,4493200,4493200,4491500,4491500,500,4493900,4493900,4492100,4492200,500
65700000,4491500,4492000,4491000,4491000,500,4492200,4492600,4491600,4491800,500
65760000,4491000,4491500,4490800,4491000,200,4491800,4492100,4491300,4491600,500
65820000,4491000,4491800,4490500,4491800,100,4491600,4492100,4491100,4492100,500
65880000,4491800,4491800,4490800,4491400,1000,4492100,4492100,4491300,4492100,500
65940000,4491400,4492000,4491400,4491600,1000,4492100,4492600,4492100,4492400,400
66000000,4491600,4493000,4491600,4492800,400,4492400,4493200,4492300,4493200,1000
66060000,4492800,4493500,4492500,4492500,500,4493200,4493900,4493100,4493300,500
66120000,4492500,4493000,4492000,4492800,500,4493300,4493600,4492600,4493600,500
66180000,4492800,4493300,4492800,4493200,500,4493600,4493800,4493300,4493800,500
66240000,4493200,4494500,4493000,4494500,500,4493800,4495100,4493800,4495000,500
66300000,4494500,4494700,4493700,4493700,500,4495000,4495300,4494300,4494300,400
66360000,4493700,4494000,4493000,4493200,500,4494300,4494500,4493500,4493500,1200
66420000,4493200,4494200,4493200,4494000,500,4493500,4494800,4493500,4494500,500
66480000,4494000,4494500,4493700,4494100,500,4494500,4495000,4494200,4494700,100
66540000,4494100,4494500,4493700,4494500,500,4494700,4495000,4494300,4495000,500
66600000,4494500,4494700,4494500,4494600,100,4495000,4495300,4495000,4495300,500
66660000,4494600,4495000,4494400,4494900,500,4495300,4495500,4494600,4495500,500
66720000,4494900,4495200,4494500,4495200,200,4495500,4495800,4495000,4495800,500
66780000,4495200,4495400,4495000,4495200,500,4495800,4496000,4495500,4495800,500
66840000,4495200,4495700,4495200,4495400,500,4495800,4496300,4495800,4496000,500
66900000,4495400,4495700,4495200,4495400,200,4496000,4496200,4495700,4495900,500
66960000,4495400,4495400,4494900,4494900,500,4495900,4495900,4495400,4495600,500
67020000,4494900,4495200,4494700,4494800,500,4495600,4495700,4495300,4495400,500
67080000,4494800,4495400,4494700,4495400,500,4495400,4495700,4495200,4495700,200
67140000,4495400,4495600,4494400,4494400,500,4495700,4495700,4494900,4495000,400
67200000,4494400,4494700,4494100,4494400,500,4495000,4495200,4494700,4494900,500
67260000,4494400,4494400,4494000,4494000,100,4494900,4494900,4494400,4494600,500
67320000,4494000,4495000,4494000,4494400,500,4494600,4495600,4494200,4495100,500
67380000,4494400,4494400,4493800,4494000,500,4495100,4495100,4494000,4494600,500
67440000,4494000,4494300,4493800,4494100,1000,4494600,4494800,4494300,4494500,600
67500000,4494100,4494500,4494000,4494500,100,4494500,4494700,4494500,4494700,600
67560000,4494500,4494900,4494400,4494800,200,4494700,4495500,4494700,4495300,500
67620000,4494800,4495300,4494700,4494700,500,4495300,4495600,4495300,4495400,500
67680000,4494700,4496000,4494700,4495700,500,4495400,4496800,4495400,4496300,500
67740000,4495700,4496500,4495700,4496500,500,4496300,4497000,4496300,4497000,700
67800000,4496500,4496700,4496200,4496500,500,4497000,4497000,4496800,4497000,700
67860000,4496500,4496700,4496200,4496500,500,4497000,4497000,4496800,4497000,200
67920000,4496500,4496500,4496200,4496500,500,4497000,4497000,4496800,4497000,700
67980000,4496500,4496500,4496200,4496500,500,4497000,4497000,4496800,4497000,700
68040000,4496500,4496700,4496500,4496700,500,4497000,4497000,4497000,4497000,200
68100000,4496700,4497300,4496700,4497200,500,4497000,4497600,4497000,4497500,100
68160000,4497200,4498000,4497200,4498000,500,4497500,4498600,4497500,4498600,500
68220000,4498000,4500000,4498000,4499200,500,4498600,4500600,4498600,4499900,500
68280000,4499200,4499200,4498600,4498700,500,4499900,4499900,4499000,4499500,400
68340000,4498700,4498800,4498300,4498500,500,4499500,4499500,4498900,4499200,200
68400000,4498500,4499400,4498500,4499000,500,4499200,4499500,4499100,4499500,1100
68460000,4499000,4499400,4498700,4498700,500,4499500,4499700,4499300,4499300,500
68520000,4498700,4498700,4498200,4498300,1100,4499300,4499300,4498400,4498400,200
68580000,4498300,4498400,4498100,4498100,500,4498400,4498500,4498400,4498400,1100
68640000,4498100,4498400,4497900,4498200,500,4498400,4498700,4498000,4498600,1100
68700000,4498200,4500000,4498200,4499700,500,4498600,4500000,4498600,4499900,1100
68760000,4499700,4501200,4499700,4501000,500,4499900,4501300,4499900,4501200,1100
68820000,4501000,4501700,4500700,4501500,500,4501200,4501800,4501000,4501800,100
68880000,4501500,4501900,4501200,4501400,1100,4501800,4502100,4501600,4501700,1100
68940000,4501400,4501400,4500400,4500400,1600,4501700,4502000,4500700,4500700,1100
69000000,4500400,4500700,4500100,4500700,500,4500700,4501000,4500500,4501000,1100
69060000,4500700,4500700,4500200,4500200,300,4501000,4501000,4500300,4500400,1100
69120000,4500200,4500200,4498800,4499500,1100,4500400,4500400,4499300,4500000,1100
69180000,4499500,4500100,4499500,4500000,400,4500000,4500600,4500000,4500300,1100
69240000,4500000,4500000,4499400,4499400,500,4500300,4500300,4499800,4499800,1100
69300000,4499400,4499700,4499200,4499500,400,4499800,4500000,4499600,4499800,1100
69360000,4499500,4499900,4499500,4499900,500,4499800,4500000,4499800,4500000,700
69420000,4499900,4500100,4499700,4499700,500,4500000,4500500,4500000,4500000,1100
69480000,4499700,4499700,4499400,4499700,500,4500000,4500000,4499900,4500000,1900
69540000,4499700,4499700,4499400,4499400,1300,4500000,4500000,4499800,4499800,1100
69600000,4499400,4499700,4499200,4499200,500,4499800,4499900,4499500,4499500,100
69660000,4499200,4499200,4498800,4498900,1600,4499500,4499500,4499200,4499300,1100
69720000,4498900,4498900,4498200,4498200,500,4499300,4499300,4498600,4498600,1100
69780000,4498200,4498700,4498200,4498400,1600,4498600,4498900,4498600,4498700,1100
69840000,4498400,4498700,4498200,4498200,1300,4498700,4498900,4498600,4498600,1700
69900000,4498200,4498400,4498200,4498200,1300,4498600,4498700,4498500,4498500,1100
69960000,4498200,4498400,4497200,4497700,500,4498500,4498700,4497500,4497900,400
70020000,4497700,4497900,4497700,4497700,100,4497900,4498200,4497900,4498100,1900
70080000,4497700,4497700,4497300,4497300,600,4498100,4498100,4497600,4497600,1100
70140000,4497300,4497600,4497300,4497600,200,4497600,4497900,4497400,4497800,1100
70200000,4497600,4497600,4497300,4497400,1100,4497800,4497800,4497400,4497700,1300
70260000,4497400,4497700,4497300,4497700,500,4497700,4498200,4497400,4498100,1100
70320000,4497700,4497700,4495900,4496500,1100,4498100,4498100,4496400,4497000,500
70380000,4496500,4497200,4496200,4496400,500,4497000,4497700,4496700,4496800,1100
70440000,4496400,4496500,4496100,4496300,1900,4496800,4496800,4496300,4496700,1000
70500000,4496300,4496700,4496300,4496400,1900,4496700,4497000,4496700,4496800,1100
70560000,4496400,4496700,4496200,4496400,500,4496800,4497000,4496600,4496700,1100
70620000,4496400,4496700,4496200,4496500,300,4496700,4496900,4496500,4496700,800
70680000,4496500,4496700,4496200,4496700,500,4496700,4497000,4496500,4496900,1000
70740000,4496700,4496700,4496100,4496100,300,4496900,4496900,4496500,4496500,1100
70800000,4496100,4496200,4495400,4496000,1100,4496500,4496500,4495900,4496300,1100
70860000,4496000,4496200,4495200,4495400,1100,4496300,4496500,4495700,4495800,1900
70920000,4495400,4495700,4495200,4495400,1300,4495800,4496100,4495600,4495800,1100
70980000,4495400,4496400,4495400,4496300,200,4495800,4496700,4495700,4496600,1100
71040000,4496300,4496800,4496300,4496700,500,4496600,4497000,4496500,4497000,1100
71100000,4496700,4497200,4496400,4497100,1100,4497000,4497500,4496800,4497500,1100
71160000,4497100,4497400,4496900,4497100,1100,4497500,4497700,4497300,4497400,800
71220000,4497100,4497400,4496700,4497200,500,4497400,4497700,4497000,4497500,1100
71280000,4497200,4497200,4496900,4497000,1100,4497500,4497600,4497300,4497400,1100
71340000,4497000,4497200,4496900,4496900,1300,4497400,4497600,4497300,4497300,1100
71400000,4496900,4497200,4496400,4496800,1100,4497300,4497400,4496800,4497100,1100
71460000,4496800,4497700,4496700,4497700,400,4497100,4498200,4497100,4498200,500
71520000,4497700,4498200,4497700,4498100,2300,4498200,4498600,4498100,4498300,200
71580000,4498100,4498400,4498100,4498400,100,4498300,4498500,4498300,4498500,100
71640000,4498400,4498700,4498200,4498600,300,4498500,4498800,4498400,4498700,200
71700000,4498600,4498600,4498200,4498300,1100,4498700,4498700,4498300,4498400,1000
71760000,4498300,4498300,4497800,4498100,500,4498400,4498400,4498000,4498200,400
71820000,4498100,4498700,4498100,4498500,100,4498200,4498800,4498200,4498600,1100
71880000,4498500,4498600,4498100,4498300,1100,4498600,4498700,4498400,4498700,1900
71940000,4498300,4499000,4498200,4498400,1900,4498700,4499300,4498300,4498800,1100
72000000,4498400,4498400,4498400,4498400,800,4498800,4498800,4498800,4498800,700